<filteringDatabases>
	<filteringDatabase id="switchA">
	    <static>
	        <forward>
	            <individualAddress srcAddress="00-00-00-00-00-01" dstAddress="00-00-00-00-00-04" port="0" />
                <individualAddress srcAddress="00-00-00-00-00-02" dstAddress="00-00-00-00-00-05" port="1" />
                <individualAddress srcAddress="00-00-00-00-00-04" dstAddress="00-00-00-00-00-07" port="3" />
                <individualAddress srcAddress="00-00-00-00-00-04" dstAddress="00-00-00-00-00-03" port="4" />
                <individualAddress srcAddress="00-00-00-00-00-06" dstAddress="00-00-00-00-00-02" port="4" />
                <individualAddress srcAddress="00-00-00-00-00-06" dstAddress="00-00-00-00-00-01" port="4" />
                <individualAddress srcAddress="00-00-00-00-00-07" dstAddress="00-00-00-00-00-06" port="2" />
                <individualAddress srcAddress="00-00-00-00-00-08" dstAddress="00-00-00-00-00-05" port="1" />
                <individualAddress srcAddress="00-00-00-00-00-08" dstAddress="00-00-00-00-00-06" port="2" />
                <individualAddress srcAddress="00-00-00-00-00-05" dstAddress="00-00-00-00-00-02" port="4" />
	        </forward>
	    </static>
	</filteringDatabase>
	<filteringDatabase id="switchB">
	    <static>
	        <forward>
	        	<individualAddress srcAddress="00-00-00-00-00-04" dstAddress="00-00-00-00-00-07" port="0" />
	        	<individualAddress srcAddress="00-00-00-00-00-07" dstAddress="00-00-00-00-00-06" port="2" />
	        	<individualAddress srcAddress="00-00-00-00-00-08" dstAddress="00-00-00-00-00-05" port="2" />
	        	<individualAddress srcAddress="00-00-00-00-00-08" dstAddress="00-00-00-00-00-06" port="2" />
	        	<individualAddress srcAddress="00-00-00-00-00-08" dstAddress="00-00-00-00-00-02" port="3" />
	        </forward>
	    </static>
	</filteringDatabase>
	<filteringDatabase id="switchC">
	    <static>
	        <forward>
	            <individualAddress srcAddress="00-00-00-00-00-01" dstAddress="00-00-00-00-00-04" port="3" />
	            <individualAddress srcAddress="00-00-00-00-00-02" dstAddress="00-00-00-00-00-05" port="3" />
	            <individualAddress srcAddress="00-00-00-00-00-04" dstAddress="00-00-00-00-00-03" port="2" />
	            <individualAddress srcAddress="00-00-00-00-00-06" dstAddress="00-00-00-00-00-02" port="1" />
	            <individualAddress srcAddress="00-00-00-00-00-06" dstAddress="00-00-00-00-00-01" port="0" />
	            <individualAddress srcAddress="00-00-00-00-00-08" dstAddress="00-00-00-00-00-02" port="1" />
	            <individualAddress srcAddress="00-00-00-00-00-05" dstAddress="00-00-00-00-00-02" port="1" />
	        </forward>
	    </static>
	</filteringDatabase>
</filteringDatabases>